year,HateSpeech%
2005-00,
2006-00,0.1683550781
2007-00,0.1999142432
2008-00,0.3599218226
2009-00,0.2480219896
2010-00,0.2840676023
2011-00,0.2804455524
2012-00,0.2766638122
2013-00,
2014-00,0.2178058344
2015-00,
2016-00,
2017-00,